Data,Error
[0.0311995  0.02589266 0.02354934 0.02675248 0.02977405],[0.00581301 0.004323   0.00284453 0.00456546 0.00566987]
