Data,Error
[0.41553491 0.42916775 0.42007243 0.42264626 0.41527549],[0.01669684 0.01494691 0.01499393 0.01599216 0.01479056]
