Data,Error
[0.02314659 0.02360925 0.0273378  0.02791275 0.02460597],[0.00485366 0.00374436 0.00375619 0.00379923 0.00420112]
