Data,Error
[0.34130037 1.         1.        ],[0.16510989 0.         0.        ]
[0.58766234 0.25807494 0.00574713],[0.245671   0.23029716 0.00574713]
