Data,Error
[0.59960293 0.47524512 0.43250754 0.45822786 0.44572569],[0.09514206 0.02399928 0.03358837 0.02495199 0.03053924]
[0.56993125 0.03170688 0.03885145 0.04470037 0.04485504],[0.09283139 0.01571053 0.0244086  0.02418445 0.0238795 ]
[0.44172991 0.87149825 0.9192623  0.76191769 0.79992948],[0.09468356 0.06038547 0.05320373 0.09121919 0.08870857]
