Data,Error
[0.02952442 0.02328678 0.03373881 0.0256653  0.0230304 ],[0.00366249 0.0034121  0.00587601 0.00443582 0.0044751 ]
