Data,Error
[0.99231577 0.98936555 0.99203701 0.99033466 0.98887483],[0.00204939 0.00417243 0.0032514  0.00302437 0.00285964]
[0.49679259 0.49795018 0.49503054 0.49303559 0.49829546],[0.00155419 0.00265823 0.00321214 0.00321971 0.00158729]
[0.01998124 0.03656983 0.02697076 0.03273471 0.02702777],[0.00360378 0.006075   0.00412516 0.00564874 0.00488863]
