Data,Error
[0.47422278 0.9241573  0.95740207 0.94332173 0.97389337],[0.08708558 0.02856097 0.01910751 0.02269085 0.01194514]
[0.47667543 0.50126688 0.5019711  0.50179452 0.49778051],[0.09551774 0.00184116 0.00167656 0.00236555 0.00352491]
[0.56354382 0.19946358 0.0491247  0.10248455 0.09257063],[0.09120249 0.05223799 0.02363231 0.0392142  0.03881262]
