Data,Error
[0.02575511 0.03185271 0.0313011  0.02769857 0.02255195],[0.00533002 0.00501599 0.00507511 0.00575883 0.00234729]
