Data,Error
[0.98979344 0.98349427 0.98683237 0.99126288 0.99207188],[0.00237518 0.00296965 0.00269792 0.00226686 0.00369745]
[0.49845509 0.4994062  0.49717571 0.50195213 0.50195803],[0.00321482 0.00312017 0.00200496 0.00264721 0.00287451]
[0.02378756 0.02660132 0.02514573 0.02343385 0.02082712],[0.00372908 0.0049387  0.00287579 0.00343647 0.00335719]
