Data,Error
[0.68056434 0.67563215 0.713062   0.6825547  0.6983516 ],[0.0031968  0.00633666 0.02089501 0.00454745 0.01687205]
