Data,Error
[0.02533165 0.03001277 0.03586804 0.01977468 0.02292867],[0.00336774 0.00532338 0.0065528  0.00185708 0.00462568]
