Data,Error
[0.61827852 0.63505755 0.66327388 0.56956397 0.61931728],[0.03122614 0.03031926 0.02782829 0.01867302 0.02291589]
