Data,Error
[1. 1. 1.],[0. 0. 0.]
[0.01244589 0.0255168  0.02298851],[0.00054113 0.00226098 0.01149425]
