Data,Error
[0.98670646 0.98397998 0.99148748 0.99254774 0.98624196],[0.0036351  0.00530113 0.00209334 0.0020432  0.00280031]
[0.49963917 0.49618033 0.49817483 0.50065937 0.49492682],[0.00241267 0.0028231  0.00184587 0.0016901  0.00183005]
[0.03472412 0.02493261 0.02104714 0.02904696 0.01994773],[0.00611508 0.0044009  0.00279384 0.0049127  0.00231984]
