Data,Error
[0.03412003 0.0268748  0.03554604 0.03148218 0.02539083],[0.00347002 0.00354969 0.00580235 0.0044904  0.00448207]
