Data,Error
[0.4334511  0.43335572 0.457934   0.45422941 0.43084878],[0.0145951  0.01557625 0.01275988 0.01080078 0.01463388]
